fluid_pressure,brine_saturation,gas_saturation,porosity,sand_fraction,depth,rock_pressure
29000000.0,0.9441898542731136,0.05581014572688636,0.04310224111557445,0.8372168465714805,3000,29000000.0
29030000.0,0.520861022236203,0.479138977763797,0.060120563475168816,0.05445194581628854,3010,29030000.0
29060000.000000004,0.3095466017678577,0.6904533982321424,0.13576560999063594,0.0,3020,29060000.000000004
29089999.999999996,0.7279593875540838,0.0,0.11831683600202272,0.606772675923001,3030,29089999.999999996
29120000.0,0.6178910102096179,0.0,0.06144090952614504,0.225194112592072,3040,29120000.0
